name,description,departments,latitude,longitude,address,phone,website,business_hours,closed_days,parking,emergency
東京総合病院,総合診療を行う大規模病院,"内科,外科,小児科,整形外科,皮膚科",35.6812,139.7671,東京都千代田区丸の内1-1-1,03-1234-5678,https://example.com/tokyo-hospital,"平日 9:00-17:00","土日祝","あり（100台）",1
港区クリニック,地域密着型のクリニック,"内科,小児科",35.6586,139.7454,東京都港区芝公園4-2-8,03-2345-6789,,"平日 9:00-18:00、土曜 9:00-12:00","日祝","あり（10台）",0
台東医療センター,地域の中核病院,"内科,外科,救急科,産婦人科",35.7148,139.7967,東京都台東区浅草2-3-1,03-3456-7890,,"24時間","なし","あり（50台）",1
墨田区ファミリークリニック,家族で通えるクリニック,"内科,小児科,耳鼻科",35.7101,139.8107,東京都墨田区押上1-1-2,03-4567-8901,,"平日 9:00-18:00","水日祝","あり（5台）",0
新宿総合医療センター,新宿駅近くの総合病院,"内科,外科,整形外科,眼科,耳鼻科,皮膚科",35.6895,139.7006,東京都新宿区西新宿1-1-1,03-5678-9012,,"平日 8:30-17:00、土曜 8:30-12:00","日祝","あり（200台）",1
